id,title,salary_from,salary_to,salary_avg,experience_id,num_skills,num_certificates,category,experience_years,profession_category
-121516435,Middle разработчик 1С / Программист 1С,900000,1200000,1050000,between3And6,2,0,Middle,4.5,Разработчик
-121925430,Начинающий специалист в ИТ / менеджер по продажам Битрикс24,180000,500000,340000,noExperience,9,0,Unknown,0,Менеджер
-121038064,Эксперт-аналитик,300000,300000,300000,between3And6,21,0,Unknown,4.5,Аналитик
-121213781,BI-аналитик (Tableau),4000,,4000,between1And3,7,0,Unknown,2,Аналитик
-121175712,Программист 1С,500000,1000000,750000,between3And6,6,0,Unknown,4.5,Другие
-121657440,In-Country Representative,1500,2180,1840,between3And6,5,0,Unknown,4.5,Другие
-121086726,Оператор упаковочного оборудования,250000,,250000,noExperience,6,0,Unknown,0,Другие
-121593031,Middle QA-engineer / Специалист по тестированию,80000,,80000,between1And3,6,0,Middle,2,Инженер
-121614905,Тестировщик-методист,130000,150000,140000,between3And6,0,0,Unknown,4.5,Другие
-121479554,Руководитель отдела рекрутинга,600000,,600000,between1And3,0,0,Unknown,2,Другие
-121706608,Системный администратор в Ломбард Белый,250000,350000,300000,between1And3,0,0,Unknown,2,Другие
-122092004,SMM специалист в Digital агентство,250000,600000,425000,between3And6,10,0,Unknown,4.5,Другие
-121475739,Intern - Internal Controls - Assurance Department,250000,,250000,noExperience,4,0,Unknown,0,Другие
-121320799,Дата-аналитик (Архитектор баз данных),350000,350000,350000,between1And3,8,0,Unknown,2,Аналитик
-120200097,Middle PHP Backend-разработчик Krisha.kz,1200000,1600000,1400000,between3And6,13,0,Middle,4.5,Разработчик
-121739291,Офис-менеджер,300000,,300000,between1And3,4,0,Unknown,2,Менеджер
-121650481,Администратор ночной смены,150000,160000,155000,between1And3,0,0,Unknown,2,Другие
-121048417,Client Operations Management & Support Specialist,500,2000,1250,noExperience,16,0,Unknown,0,Другие
-121264366,Старший PHP-разработчик,300000,1200000,750000,between1And3,3,0,Senior,2,Разработчик
-121891665,Frontend Developer React Native| React,450000,800000,625000,moreThan6,5,0,Unknown,8,Разработчик
-121604785,Маркетолог - аналитик,200000,220000,210000,between1And3,4,0,Unknown,2,Аналитик
-121888544,Графический дизайнер,250000,350000,300000,between1And3,0,0,Unknown,2,Другие
-121795489,Разработчик,400000,500000,450000,noExperience,8,0,Unknown,0,Разработчик
-121729398,Бэкенд-разработчик/Разработчик мобильных приложений,300000,400000,350000,between1And3,3,0,Unknown,2,Разработчик
-121541793,QA инженер,600000,,600000,between1And3,4,0,Unknown,2,Инженер
-121086822,Senior Accountant/Старший бухгалтер,1500,,1500,between3And6,6,0,Senior,4.5,Другие
-121678030,Middle+/Senior Java Backend Developer,800000,1100000,950000,moreThan6,10,0,Middle,8,Разработчик
-121617240,Middle QA инженер,800000,,800000,between1And3,14,0,Middle,2,Инженер
-121168390,"Коммерческий специалист, аналитик",300000,,300000,noExperience,15,0,Unknown,0,Аналитик
-121440756,Графический дизайнер,200000,300000,250000,between1And3,5,0,Unknown,2,Другие
-121729008,Lead QA Engineer,5800,6800,6300,moreThan6,4,0,Senior,8,Инженер
-121828146,Аналитик отдела продаж,360000,400000,380000,between1And3,0,0,Unknown,2,Аналитик
-121882927,Key account manager/Менеджер по работе с ключевыми клиентами в фармацевтическую кампанию,800000,,800000,between1And3,0,0,Unknown,2,Менеджер
-121902990,Системный аналитик,250000,,250000,between1And3,7,0,Unknown,2,Аналитик
-121423030,Начинающий менеджер по продажам IT,150000,,150000,between1And3,0,0,Unknown,2,Менеджер
-121459398,Разработчик C++ / Qt,500000,,500000,between1And3,5,0,Unknown,2,Разработчик
-121752439,Верстальщик,250000,350000,300000,noExperience,10,0,Unknown,0,Другие
-121339390,Информатик-программист/менеджер по работе в маркетплейсах,200000,,200000,noExperience,4,0,Unknown,0,Менеджер
-117974760,DevOps-инженер,500000,2000000,1250000,between3And6,5,0,Unknown,4.5,Инженер
-121706713,Бухгалтер материального стола,350000,400000,375000,between3And6,0,0,Unknown,4.5,Другие
-121278284,React-Native разработчик,500000,550000,525000,between3And6,5,0,Unknown,4.5,Разработчик
-121478520,"SEO-специалист (международные проекты, GEO — Казахстан)",300000,400000,350000,between1And3,6,0,Unknown,2,Другие
-121216177,Диджитал маркетолог,,600000,600000,between3And6,0,0,Unknown,4.5,Другие
-121273893,SMM-менеджер,300,,300,between1And3,16,0,Unknown,2,Менеджер
-121963938,Flutter Middle Developer,500000,800000,650000,between1And3,9,0,Middle,2,Разработчик
-121364489,Backend Engineer,4000,5000,4500,between3And6,0,0,Unknown,4.5,Инженер
-121871454,Digital Solutions Support,,500000,500000,between3And6,4,0,Unknown,4.5,Другие
-121593231,Study Abroad \ Sales,1000,1500,1250,between1And3,0,0,Unknown,2,Другие
-122044383,PHP-разработчик,,600000,600000,between1And3,6,0,Unknown,2,Разработчик
-121481383,ML-инженер,2000,,2000,between1And3,9,0,Unknown,2,Инженер
-121657205,Дата инженер/аналитик,700000,1000000,850000,between3And6,0,0,Unknown,4.5,Инженер
-121516795,Маркетолог,300000,,300000,between3And6,18,0,Unknown,4.5,Другие
-121474172,Старший финансовый аналитик,300000,800000,550000,between3And6,16,0,Senior,4.5,Аналитик
-122076959,Тестировщик/помощник системного аналитика,,400000,400000,between1And3,6,0,Unknown,2,Аналитик
-121631657,Менеджер ресторана,360000,,360000,between3And6,10,0,Unknown,4.5,Менеджер
-121605310,"Менеджер по работе с клиентами (ISO-сертификация Систем менеджмента/ бизнес-консалтинг, тренинги)",400000,600000,500000,between1And3,6,0,Unknown,2,Менеджер
-121438800,"Senior Fullstack-разработчик (React Native, Node.js, PostgreSQL)",300000,500000,400000,between3And6,0,0,Senior,4.5,Разработчик
-121158221,Бухгалтер-консультант 1С (стажер),80000,350000,215000,noExperience,4,0,Unknown,0,Другие
-121903780,Angular Master,600000,900000,750000,between3And6,6,0,Unknown,4.5,Другие
-121493736,Выездной специалист по продажам,600000,,600000,between1And3,0,0,Unknown,2,Другие
-121315563,Управляющий директор по цифровой трансформации,700000,900000,800000,between3And6,0,0,Unknown,4.5,Другие
-121102925,"Delivery Manager/PM (финтех, банки, офис, г. Ташкент)",5000,,5000,moreThan6,0,0,Unknown,8,Менеджер
-121071319,Бухгалтер,,300000,300000,between1And3,0,0,Unknown,2,Другие
-120844381,Web Vue.JS Frontend-разработчик,,680000,680000,between1And3,8,0,Unknown,2,Разработчик
-120866360,Backend-разработчик,270000,320000,295000,between1And3,6,0,Unknown,2,Разработчик
-121132642,Программист-стажер 1C,85000,250000,167500,noExperience,2,0,Unknown,0,Другие
-115079649,Разработчик С++,300000,1000000,650000,between3And6,2,0,Unknown,4.5,Разработчик
-117955101,Менеджер в отдел продаж,500000,3000000,1750000,noExperience,30,0,Unknown,0,Менеджер
-121986826,UI/UX дизайнер,500000,700000,600000,between3And6,9,0,Unknown,4.5,Другие
-121534725,"Преподаватель специальных дисциплин по специальности ""Программное обеспечение""",325000,,325000,noExperience,26,0,Unknown,0,Другие
-121563788,Junior product manager IT,,350000,350000,between1And3,11,0,Junior,2,Менеджер
-121681029,Бизнес-аналитик,,300000,300000,between1And3,12,0,Unknown,2,Аналитик
-120853570,Менеджер по закупкам и снабжению,500000,600000,550000,between3And6,0,0,Unknown,4.5,Менеджер
-121848574,Системный аналитик,700000,1000000,850000,between3And6,5,0,Unknown,4.5,Аналитик
-121776188,Бизнес-аналитик,500000,,500000,between3And6,0,0,Unknown,4.5,Аналитик
-121619100,Программист PHP,600000,,600000,between3And6,10,0,Unknown,4.5,Другие
-121677613,Проектный менеджер по продажам В2В,500000,,500000,between1And3,14,0,Unknown,2,Менеджер
-121657877,Visual merchandiser (Store VM senior specialist),,800000,800000,between3And6,5,0,Senior,4.5,Другие
-121606494,Opencart Backend-разработчик (Middle+),1600,2400,2000,between3And6,2,0,Middle,4.5,Разработчик
-121979387,Инженер-программист 1С,600000,,600000,between1And3,0,0,Unknown,2,Инженер
-121302940,Менеджер по продажам,600000,2000000,1300000,between1And3,3,0,Unknown,2,Менеджер
-120591580,Маркетинговый аналитик,900000,1100000,1000000,between3And6,13,0,Unknown,4.5,Аналитик
-121836277,Системный аналитик,650000,650000,650000,between3And6,0,0,Unknown,4.5,Аналитик
-121801375,Ассистент по маркетингу и продажам (семенной бизнес),600000,,600000,between3And6,7,0,Unknown,4.5,Другие
-121286353,Программист С++\rust,500000,,500000,between1And3,0,0,Unknown,2,Другие
-120470006,Team Lead команды разработки B2B,1500000,,1500000,between3And6,6,0,Senior,4.5,Разработчик
-121914394,Руководитель отдела продаж,300000,2500000,1400000,between1And3,9,0,Unknown,2,Другие
-121723793,Администратор баз данных / DBA,450000,600000,525000,between3And6,8,0,Unknown,4.5,Другие
-121899722,IT-специалист,,500000,500000,moreThan6,15,0,Unknown,8,Другие
-121863209,PHP-разработчик (Laravel),500000,1000000,750000,between1And3,10,0,Unknown,2,Разработчик
-121933356,HR менеджер,350000,,350000,between1And3,4,0,Unknown,2,Менеджер
-121521952,Менеджер по рекламе и маркетингу,300000,300000,300000,between1And3,0,0,Unknown,2,Менеджер
-121170651,Senior C++ Developer,3000,3800,3400,between3And6,5,0,Senior,4.5,Разработчик
-121441440,Прораб,400000,,400000,moreThan6,6,0,Unknown,8,Другие
-121354857,Game programmer (intern),300,,300,noExperience,8,0,Unknown,0,Другие
-121680186,Бизнес-аналитик,,650000,650000,between3And6,10,0,Unknown,4.5,Аналитик
-121123099,Директор магазина (Keryen City - Астана),350000,550000,450000,between1And3,0,0,Unknown,2,Другие
-121516598,Middle/Senior Mobile Developer,700000,1200000,950000,between1And3,0,0,Middle,2,Разработчик
-121903359,Product Owner/ Product Manager,3000,4000,3500,between3And6,0,0,Unknown,4.5,Менеджер
-121390907,Ассистент отдела продаж,600,1200,900,between1And3,4,0,Unknown,2,Другие
-121729457,Руководитель по продукту и развитию (senior) в medtech-компанию,,1500000,1500000,between3And6,0,0,Senior,4.5,Другие
-117349284,Mobile QA Engineer,750000,1300000,1025000,between1And3,7,0,Unknown,2,Инженер
-121477508,Менеджер по развитию бизнеса (BDM),,500000,500000,between3And6,8,0,Unknown,4.5,Менеджер
-121506275,"Коммерческий руководитель по развитию дилерской сети (дистрибуция, традиция, строй канал)",1500000,,1500000,moreThan6,2,0,Unknown,8,Другие
-121068169,Менеджер по продажам в Stalfed,500000,3000000,1750000,between1And3,9,0,Unknown,2,Менеджер
-121324580,Менеджер по продажам IT-решения,300000,,300000,between1And3,10,0,Unknown,2,Менеджер
-121258106,Консультант 1С / Консультант-аналитик,350000,500000,425000,between1And3,22,0,Unknown,2,Аналитик
-121605137,Junior IT-специалист,250000,,250000,between1And3,12,0,Junior,2,Другие
-121869371,Бизнес-аналитик Управления разработки и сопровождения информационных систем,400000,600000,500000,between1And3,0,0,Unknown,2,Разработчик
-121681301,Сервисный инженер,220000,,220000,between1And3,5,0,Unknown,2,Инженер
-121416435,Project manager,280000,300000,290000,noExperience,6,0,Unknown,0,Менеджер
-121229241,QA manual Body kit,200000,400000,300000,between1And3,11,0,Unknown,2,Другие
-121516594,QA Engineer,300000,500000,400000,between1And3,5,0,Unknown,2,Инженер
-122092733,Ассистент аналитика в отдел продаж,300000,300000,300000,between1And3,0,0,Unknown,2,Аналитик
-121832355,Руководитель отдела IT-инфраструктуры,600000,800000,700000,between3And6,8,0,Unknown,4.5,Другие
-120784339,Специалист по электронному документообороту/проектному мониторингу в департамент аудита и стратегии,250000,450000,350000,between3And6,0,0,Unknown,4.5,Другие
-121966933,Project Manager/Проектный менеджер (направление “Отели”),,800000,800000,between1And3,0,0,Unknown,2,Менеджер
-121425953,Системный аналитик / System Analyst,400000,,400000,between3And6,13,0,Unknown,4.5,Аналитик
-121349985,Project manager / Проектный менеджер,500000,800000,650000,between1And3,11,0,Unknown,2,Менеджер
-121608071,Маркетолог nFactorial School,,800000,800000,between3And6,11,0,Unknown,4.5,Другие
-121650357,Junior No-code разработчик голосовых роботов,150000,200000,175000,noExperience,2,0,Junior,0,Разработчик
-121515016,Интернет-маркетолог,350000,750000,550000,between3And6,6,0,Unknown,4.5,Другие
-121970208,"Senior Back-end Developer (PHP, Symfony)",3000,4500,3750,moreThan6,4,0,Senior,8,Разработчик
-121151121,Performance Test Engineer - LOAD tester (Azerbaijan),3000,4000,3500,between3And6,0,0,Unknown,4.5,Инженер
-121892845,Менеджер по Private Label,,750000,750000,between3And6,0,0,Unknown,4.5,Менеджер
-121062340,Инженер службы технической поддержки,120000,350000,235000,between1And3,12,0,Unknown,2,Инженер
-121870998,Монтажник слаботочных систем,350000,400000,375000,between1And3,10,0,Unknown,2,Другие
-121094179,Главный инженер проекта,600000,600000,600000,between3And6,6,0,Unknown,4.5,Инженер
-121613781,Преподаватель в онлайн школу программирования,100000,250000,175000,noExperience,12,0,Unknown,0,Другие
-121873126,Frontend-разработчик (Vue3),400000,500000,450000,between1And3,0,0,Unknown,2,Разработчик
-121882808,Специалист аналитического отдела,200000,300000,250000,noExperience,6,0,Unknown,0,Аналитик
-121763016,HR менеджер для ведения кадрового учета,250000,350000,300000,between1And3,5,0,Unknown,2,Менеджер
-121493742,Специалист колл-центра,300000,400000,350000,between1And3,6,0,Unknown,2,Другие
-122094280,Проектный менеджер IT,700000,,700000,between3And6,10,0,Unknown,4.5,Менеджер
-122056148,Финансовый аналитик,400000,,400000,between1And3,0,0,Unknown,2,Аналитик
-121025867,Ассистент маркетолога,,200000,200000,noExperience,5,0,Unknown,0,Другие
-121056206,Главный инженер проекта,500000,700000,600000,between3And6,6,0,Unknown,4.5,Инженер
-121990792,Проектный менеджер (Junior IT Project Manager),150000,300000,225000,noExperience,4,0,Junior,0,Менеджер
-121909406,Junior Python Developer,250000,500000,375000,between1And3,0,0,Junior,2,Разработчик
-120848179,Head of Project Manager (in iGaming),,600000,600000,between3And6,6,0,Unknown,4.5,Менеджер
-120539010,Разработчик C++,500000,800000,650000,between1And3,6,0,Unknown,2,Разработчик
-121436107,Frontend-разработчик,300000,,300000,between3And6,0,0,Unknown,4.5,Разработчик
-121975943,Sales Team Leader (English C2),5000,8000,6500,moreThan6,0,0,Senior,8,Другие
-121386676,Специалист по чат-ботам,150000,200000,175000,noExperience,0,0,Unknown,0,Другие
-121077160,АО «Казахтелеком» ищет начальника отдела управления оттоком,372000,,372000,between1And3,6,0,Unknown,2,Другие
-121151739,HR менеджер/Рекрутер,400000,520000,460000,between3And6,5,0,Unknown,4.5,Менеджер
-122051837,SQL-разработчик (БД),600000,,600000,between1And3,0,0,Unknown,2,Разработчик
-121143904,Middle QA Engineer,400000,450000,425000,between1And3,0,0,Middle,2,Инженер
-121670071,ML‑инженер по классификации товаров (NLP | LLM | ЕНСТРУ),700000,1000000,850000,between1And3,7,0,Unknown,2,Инженер
-120759014,Специалист 1 С,85000,150000,117500,noExperience,1,0,Unknown,0,Другие
-121650312,Risk Officer,1000000,,1000000,between3And6,0,0,Unknown,4.5,Другие
-121030477,Программист 1С,,800000,800000,between3And6,1,0,Unknown,4.5,Другие
-121725213,Golang developer (Middle),400000,800000,600000,between3And6,4,0,Middle,4.5,Разработчик
-121066489,Химик-технолог,,400000,400000,between3And6,0,0,Unknown,4.5,Другие
-122075521,Няня в частный детский сад,180000,180000,180000,between1And3,0,0,Unknown,2,Другие
-121552226,Ассистент руководителя,250000,600000,425000,between1And3,29,0,Unknown,2,Другие
-121927085,Менеджер,150000,250000,200000,between1And3,8,0,Unknown,2,Менеджер
-121931711,Контент-менеджер / SMM,120000,,120000,noExperience,0,0,Unknown,0,Менеджер
-121540487,Middle Golang разработчик,800000,,800000,between3And6,13,0,Middle,4.5,Разработчик
-121031267,Специалист Help Desk,200000,250000,225000,between1And3,6,0,Unknown,2,Другие
-121616894,Менеджер по проектам (Архитектура и проектирование),230000,400000,315000,between1And3,0,0,Unknown,2,Менеджер
-121495600,Менеджер по продажам услуг,500000,3000000,1750000,noExperience,30,0,Unknown,0,Менеджер
-121447010,Программист 1C,300000,,300000,between3And6,1,0,Unknown,4.5,Другие
-121441023,Специалист клиентской поддержки,200000,300000,250000,between1And3,16,0,Unknown,2,Другие
-118997485,DevOps инженер,450000,600000,525000,between1And3,0,0,Unknown,2,Инженер
-121188704,PHP-разработчик,450000,600000,525000,between1And3,12,0,Unknown,2,Разработчик
-121468748,Аналитик-бухгалтер,300000,,300000,between1And3,3,0,Unknown,2,Аналитик
-121192675,Web-программист Full-Stack / PHP Developer,300000,1200000,750000,moreThan6,0,0,Unknown,8,Разработчик
-120355304,Ассистент-помощник для менеджера WB,200000,280000,240000,between1And3,0,0,Unknown,2,Менеджер
-121620739,Специалист по 1С-Битрикс | Web,350,750,550,between1And3,21,0,Unknown,2,Другие
-121920361,Администратор в коворкинг для психологов,120000,150000,135000,between1And3,3,0,Unknown,2,Другие
-121951953,Региональный менеджер по продажам,,1250000,1250000,between3And6,0,0,Unknown,4.5,Менеджер
-121628358,Преподаватель в Казахстанскую онлайн IT - школу для детей,300000,1000000,650000,between1And3,3,0,Unknown,2,Другие
-121671124,"Преподаватель программирования для детей (Python, Web, Roblox, Scratch)",85000,200000,142500,between1And3,0,0,Unknown,2,Другие
-121506364,Администратор парковок,250000,300000,275000,between1And3,5,0,Unknown,2,Другие
-121537698,Программист 1С,600000,,600000,between3And6,5,0,Unknown,4.5,Другие
-121841169,Руководитель отдела продаж,200000,1000000,600000,between1And3,9,0,Unknown,2,Другие
-121874071,Программист 1С,300000,1500000,900000,noExperience,10,0,Unknown,0,Другие
-121447792,Backend Developer,500000,,500000,between1And3,11,0,Unknown,2,Разработчик
-121227302,PHP Backend-разработчик (Senior),600000,700000,650000,between3And6,8,0,Senior,4.5,Разработчик
-121794116,Главный инженер проекта (ГИП),500000,,500000,between3And6,5,0,Unknown,4.5,Инженер
-121165465,Высокооплачиваемый менеджер по продажам,250000,,250000,between1And3,8,0,Unknown,2,Менеджер
-121258902,Unity-разработчик,250000,350000,300000,between1And3,2,0,Unknown,2,Разработчик
-121193652,Маркетолог в интернет-маркетинговое агентство,300000,300000,300000,between1And3,26,0,Unknown,2,Другие
-121841170,Руководитель отдела продаж,200000,1000000,600000,between1And3,9,0,Unknown,2,Другие
-121088036,Финансовый аналитик,400000,400000,400000,between3And6,14,0,Unknown,4.5,Аналитик
-121966275,Middle Python Developer,2300,2300,2300,between3And6,6,0,Middle,4.5,Разработчик
-121796934,Business Development Manager (WPK Chinese),600000,800000,700000,between3And6,0,0,Unknown,4.5,Менеджер
-121062481,Android-разработчик,300000,300000,300000,between1And3,0,0,Unknown,2,Разработчик
-121848420,Проектный менеджер (Senior+) в MedTech-компанию,,1500000,1500000,moreThan6,0,0,Senior,8,Менеджер
-121086113,Fullstack Junior,,950000,950000,between1And3,0,0,Junior,2,Другие
-121715250,Прораб общестроительных работ (ПТО),450000,500000,475000,between3And6,0,0,Unknown,4.5,Другие
-121902668,Главный менеджер управления мониторинга проектов коммерциализации ДМННТПиПК,390000,390000,390000,between3And6,0,0,Unknown,4.5,Менеджер
-121886207,Финансовый аналитик,,400000,400000,between1And3,4,0,Unknown,2,Аналитик
-122046053,Менеджер B2B-продаж в IT HR стартап,400000,1000000,700000,between1And3,10,0,Unknown,2,Менеджер
-121816198,Маркетолог-аналитик,500000,1000000,750000,between3And6,15,0,Unknown,4.5,Аналитик
-121618146,Тренер учебного центра,500000,2000000,1250000,noExperience,22,0,Unknown,0,Другие
-121110179,Business Development Assistant,300000,700000,500000,noExperience,4,0,Unknown,0,Другие
-122019196,Главный инженер проекта,800000,1000000,900000,moreThan6,0,0,Unknown,8,Инженер
-121166064,Frontend Developer (Vue.js / Angular),700000,850000,775000,between3And6,5,0,Unknown,4.5,Разработчик
-121634710,Аналитик продаж,,300000,300000,between1And3,5,0,Unknown,2,Аналитик
-121282871,Старший разработчик PHP,600000,,600000,between3And6,10,0,Senior,4.5,Разработчик
-121790837,Data Engineer,500000,,500000,between1And3,0,0,Unknown,2,Инженер
-121131809,UX/UI-дизайнер,400000,,400000,between3And6,4,0,Unknown,4.5,Другие
-117954999,Специалист отдела продаж и клиентского обслуживания,500000,3000000,1750000,noExperience,30,0,Unknown,0,Другие
-121600758,Начальник Отдела стратегического развития,500000,,500000,between3And6,0,0,Unknown,4.5,Другие
-121098417,Программист 1С,500000,1200000,850000,between1And3,4,0,Unknown,2,Другие
-121602349,Автор методических разработок Маркетплейса InfoLesson.kz,80000,1000000,540000,noExperience,3,0,Unknown,0,Разработчик
-120974385,Ассистент менеджера по медиапланированию,,250000,250000,noExperience,11,0,Unknown,0,Менеджер
-121438609,UX/UI-дизайнер,200000,400000,300000,between3And6,5,0,Unknown,4.5,Другие
-121045974,Web-разработчик,150000,300000,225000,noExperience,8,0,Unknown,0,Разработчик
-121843513,Водитель на личном автомобиле,120000,,120000,noExperience,4,0,Unknown,0,Другие
-121737877,Дизайнер,350000,500000,425000,between3And6,0,0,Unknown,4.5,Другие
-121208684,IT Project Manager (Middle+),2000,,2000,between3And6,12,0,Middle,4.5,Менеджер
-120821766,Бизнес-ассистент (административная поддержка офиса),250000,350000,300000,noExperience,15,0,Unknown,0,Другие
-121635118,Frontend-разработчик (Middle/Senior) в финтех — офис в Астане,700000,1200000,950000,between3And6,14,0,Middle,4.5,Разработчик
-122054148,Middle QA Engineer,400000,700000,550000,between1And3,0,0,Middle,2,Инженер
-121098625,Junior Python RPA Developer,150000,,150000,noExperience,7,0,Junior,0,Разработчик
-121184327,Куратор основных уроков в online школу программирования,100000,250000,175000,between1And3,5,0,Unknown,2,Другие
-121616589,DevOps Engineer (SaaS IT platform),750000,850000,800000,between3And6,10,0,Unknown,4.5,Инженер
-121264625,Коммерческий директор,500000,1000000,750000,between3And6,0,0,Unknown,4.5,Другие
-120633739,Программист,1000000,,1000000,between3And6,0,0,Unknown,4.5,Другие
-121835834,Product Manager,800000,,800000,moreThan6,0,0,Unknown,8,Менеджер
-121079428,Менеджер управления проектами (разработка ПО),500000,,500000,moreThan6,18,0,Unknown,8,Разработчик
-121390991,Специалист по подбору персонала (Рекрутер),300000,300000,300000,between1And3,0,0,Unknown,2,Другие
-121680027,Системный аналитик,500000,600000,550000,between3And6,0,0,Unknown,4.5,Аналитик
-122035024,Консультант внедрения BI,300000,1000000,650000,between1And3,5,0,Unknown,2,Другие
-121452729,"Key Account Manager (Pharmaceuticals), Bharat Serums and Vaccines Limited",550000,600000,575000,between1And3,5,0,Unknown,2,Менеджер
-121892018,Менеджер по пожарной безопасности,450000,500000,475000,moreThan6,11,0,Unknown,8,Менеджер
-121641069,Business Assistant,200000,400000,300000,between1And3,6,0,Unknown,2,Другие
-121905695,Middle frontend-разработчик (Vue.js),400000,,400000,between3And6,9,0,Middle,4.5,Разработчик
-120487924,QA manager / QA engineer,1000,1800,1400,between3And6,7,0,Unknown,4.5,Инженер
-121575218,MEP Engineer,4000,,4000,between3And6,0,0,Unknown,4.5,Инженер
-122032159,Маркетинговый аналитик,800000,,800000,between3And6,0,0,Unknown,4.5,Аналитик
-121984994,Настройщик бизнес-процессов (ВРМ система),150000,300000,225000,between1And3,4,0,Unknown,2,Другие
-121880229,Middle+ / Senior Python Backend Developer,900000,1700000,1300000,between3And6,6,0,Middle,4.5,Разработчик
-121089964,Key Account Manager,350000,900000,625000,between3And6,3,0,Unknown,4.5,Менеджер
-122057422,Backend Team Lead / Senior Backend Developer (MVP Solo),,1500000,1500000,between3And6,7,0,Senior,4.5,Разработчик
-121274055,Продавец-консультант косметики,,200000,200000,between1And3,4,0,Unknown,2,Другие
-121835022,Менеджер по работе с клиентами в HR-Tech стартап,400000,600000,500000,between1And3,6,0,Unknown,2,Менеджер
-122058506,Инженер АСУТП (КИПиА / Программист),500000,,500000,between1And3,0,0,Unknown,2,Инженер
-121602586,Laywer,600000,800000,700000,between3And6,14,0,Unknown,4.5,Другие
-121908393,Интернет-маркетолог,300000,600000,450000,between1And3,9,0,Unknown,2,Другие
-122005150,HR Lead,1500,2500,2000,moreThan6,8,0,Senior,8,Другие
-121728880,"Senior Java/Fullstack Developer, AWS, React",5000,6000,5500,moreThan6,3,0,Senior,8,Разработчик
-120869716,Программист на платформе,120000,150000,135000,between1And3,7,0,Unknown,2,Другие
-121784961,Менеджер СRM,350000,350000,350000,between1And3,0,0,Unknown,2,Менеджер
-121784909,Python-разработчик (Django),130000,170000,150000,between3And6,10,0,Unknown,4.5,Разработчик
-121963425,Менеджер по туризму,350000,700000,525000,between3And6,15,0,Unknown,4.5,Менеджер
-121362399,DevOps engineer,500000,,500000,between3And6,5,0,Unknown,4.5,Инженер
-121090862,Технический специалист по внедрению и сопровождению ПО,300000,400000,350000,between1And3,7,0,Unknown,2,Другие
-121678162,Финансовый менеджер по развитию контракта,450000,500000,475000,between1And3,0,0,Unknown,2,Менеджер
-121038563,Ведущий Back-end разработчик,500000,,500000,between3And6,0,0,Unknown,4.5,Разработчик
-121200003,Специалист поддержки Яндекс Плюса (со знанием узбекского языка),118000,,118000,noExperience,0,0,Unknown,0,Другие
-121280395,Главный бухгалтер,,600000,600000,between3And6,0,0,Unknown,4.5,Другие
-121790140,Оператор службы поддержки,250000,,250000,between1And3,0,0,Unknown,2,Другие
-121731068,Руководитель по аналитике и данным (senior) в medtech-компанию,,1500000,1500000,between3And6,0,0,Senior,4.5,Аналитик
-121473591,Помощник руководителя,250000,,250000,between1And3,7,0,Unknown,2,Другие
-121657266,Оператор-кассир,200000,200000,200000,noExperience,5,0,Unknown,0,Другие
-121163317,PPC-специалист / Специалист по контекстной и таргетированной рекламе,250000,500000,375000,between1And3,11,0,Unknown,2,Другие
-121445208,Junior Frontend Developer,400000,,400000,between1And3,8,0,Junior,2,Разработчик
-121606704,Финансовый аналитик,500000,,500000,moreThan6,11,0,Unknown,8,Аналитик
-121982106,Разработчик R&D,275000,,275000,between1And3,0,0,Unknown,2,Разработчик
-121628219,Java Developer (Senior),1000000,1300000,1150000,between3And6,4,0,Senior,4.5,Разработчик
-120632357,Финансовый аналитик (начинающий специалист),200000,400000,300000,between1And3,7,0,Unknown,2,Аналитик
-121774593,Middle PHP Back-end разработчик,600000,800000,700000,between1And3,0,0,Middle,2,Разработчик
-121840181,Помощник финансового аналитика,600000,700000,650000,between3And6,0,0,Unknown,4.5,Аналитик
-121986121,Senior Python разработчик,800000,1200000,1000000,between3And6,7,0,Senior,4.5,Разработчик
-121032325,"Senior/Middle Full-Stack Engineer (NodeJS, Typescript)",700000,1200000,950000,between3And6,7,0,Middle,4.5,Инженер
-121628138,Fullstack-разработчик .net core + TypeScript + Next.js,300000,,300000,between1And3,0,0,Unknown,2,Разработчик
-121511915,Разработчик/Вайб-кодинг/Дизайнер,100000,1000000,550000,noExperience,0,0,Unknown,0,Разработчик
-121524636,Middle/Senior BI-инженер,600000,,600000,between3And6,14,0,Middle,4.5,Инженер
-121673655,Младший специалист по работе с чарджбеками,500,570,535,noExperience,7,0,Junior,0,Другие
-121606654,Ресепшионист/администратор в гостиницу,,224400,224400,between1And3,0,0,Unknown,2,Другие
-121985844,Менеджер по продажам Битрикс24,180000,500000,340000,noExperience,10,0,Unknown,0,Менеджер
-121725344,QA manual тестировщик,400000,,400000,between3And6,0,0,Unknown,4.5,Другие
-121032811,Системный аналитик,1000,1500,1250,between1And3,17,0,Unknown,2,Аналитик
-121605888,Менеджер по продажам B2B (BI-аналитика),600000,,600000,between1And3,0,0,Unknown,2,Аналитик
-121629161,Cloud Devops Engineer,1000,,1000,between1And3,1,0,Unknown,2,Инженер
-121537960,Программист/разработчик 1С,200000,300000,250000,between3And6,11,0,Unknown,4.5,Разработчик
-121329736,ECommerce-менеджер (Shopify / WooCommerce и digital-маркетинг),500,700,600,between3And6,12,0,Unknown,4.5,Менеджер
-121161377,Senior PHP BackEnd Developer,1000000,1500000,1250000,moreThan6,2,0,Senior,8,Разработчик
-121915958,Senior Payroll Accountant (International Company),,800000,800000,between3And6,0,0,Senior,4.5,Другие
-121423653,Тренер / инструктор тренажерного зала,600000,1000000,800000,between1And3,0,0,Unknown,2,Другие
-121222158,Начальник отдела автоматизации,400000,,400000,between3And6,0,0,Unknown,4.5,Другие
-121302941,Менеджер по продажам,600000,2000000,1300000,between1And3,3,0,Unknown,2,Менеджер
-121086553,DevOps Middle (Middle DevOps Engineer),600000,1000000,800000,between3And6,9,0,Middle,4.5,Инженер
-121269499,Аналитик-статистик,400000,400000,400000,between3And6,3,0,Unknown,4.5,Аналитик
-121984073,Менеджер маркетплейсов,400000,400000,400000,between1And3,16,0,Unknown,2,Менеджер
-121076511,Ассистент в коммерческий отдел,250000,250000,250000,between1And3,5,0,Unknown,2,Другие
-121036925,Fullstack-разработчик,720000,,720000,between3And6,0,0,Unknown,4.5,Разработчик
-121561095,Главный бухгалтер,,500000,500000,between3And6,0,0,Unknown,4.5,Другие
-121108679,Создание обработки в 1с 82/83 для загрузки из Эксель и обмена с БД SQL,120000,120000,120000,between3And6,0,0,Unknown,4.5,Другие
-121731888,DevOps-инженер,790000,1600000,1195000,between1And3,3,0,Unknown,2,Инженер
-121758170,Frontend-разработчик (Next.js),250000,500000,375000,between1And3,4,0,Unknown,2,Разработчик
-121788196,"HR менеджер, USA",740,740,740,noExperience,11,0,Unknown,0,Менеджер
-121047772,Junior Game Producer,300,,300,noExperience,6,0,Junior,0,Другие
-121280247,Python - преподаватель (part time),500,1000,750,between3And6,0,0,Unknown,4.5,Другие
-121864139,Маркетинговый аналитик,450000,600000,525000,between1And3,3,0,Unknown,2,Аналитик
-121663361,Специалист по страховым выплатам,330000,500000,415000,between1And3,8,0,Unknown,2,Другие
-120249600,Web-разработчик,200000,300000,250000,between1And3,9,0,Unknown,2,Разработчик
-121990996,Full stack разработчик / Middle+ / TeamLead,600000,,600000,moreThan6,10,0,Middle,8,Разработчик
-121906524,Менеджер по продажам Битрикс24,200000,600000,400000,noExperience,0,0,Unknown,0,Менеджер
-121495962,Специалист IT Support (первая линия),200000,350000,275000,between1And3,5,0,Unknown,2,Другие
-121177083,Flight Optimization Specialist – Business-Class Travel,500,1000,750,noExperience,4,0,Unknown,0,Другие
-121355254,Angular Master,600000,900000,750000,between3And6,6,0,Unknown,4.5,Другие
-121279088,SMM-специалист,270000,,270000,between1And3,8,0,Unknown,2,Другие
-121617824,Кассир (Горный курорт «Шымбулак»),345000,345000,345000,between1And3,9,0,Unknown,2,Другие
-120341695,Продуктовый аналитик в Krisha.kz (Middle),900000,1500000,1200000,between3And6,3,0,Middle,4.5,Аналитик
-121765213,Старший монтажник,,280000,280000,between1And3,4,0,Senior,2,Другие
-121504786,Программист 1С,1000,1500,1250,between1And3,5,0,Unknown,2,Другие
-117476044,Старший программист 1С,,800000,800000,between3And6,10,0,Senior,4.5,Другие
-121713573,Директор Службы Маркетинга,800000,,800000,between3And6,0,0,Unknown,4.5,Другие
-121340748,Финансовый аналитик,250000,300000,275000,between1And3,7,0,Unknown,2,Аналитик
-121875933,Senior Engineer,500000,600000,550000,between3And6,8,0,Senior,4.5,Инженер
-121225329,IT разработчик,500000,600000,550000,between1And3,0,0,Unknown,2,Разработчик
-121523822,Бармен в ресторан,400000,450000,425000,between1And3,4,0,Unknown,2,Другие
-121844318,"Finance Manager, Global",2500,3200,2850,between3And6,0,0,Unknown,4.5,Менеджер
-121451405,Начальник ситуационного центра,,670000,670000,between3And6,11,0,Unknown,4.5,Другие
-121322724,Middle Backend разработчик (Python),600000,800000,700000,between3And6,12,0,Middle,4.5,Разработчик
-121227397,Middle Frontend Developer (React),400000,500000,450000,between1And3,12,0,Middle,2,Разработчик
-121929956,Повар горячего цеха,385000,510000,447500,between3And6,7,0,Unknown,4.5,Другие
-122055576,Team Lead Back-End,580000,,580000,between1And3,4,0,Senior,2,Другие
-121626802,Операционный директор (COO),700000,,700000,between1And3,0,0,Unknown,2,Другие
-121290165,Программист Node.js + Flutter,250000,1000000,625000,between1And3,0,0,Unknown,2,Другие
-121739057,Менеджер маркетплейсов Wildberries,200000,500000,350000,between1And3,15,0,Unknown,2,Менеджер
-121513933,"Коммерческий директор по развитию дилерской сети (дистрибуция, традиция, строй канал)",1500000,,1500000,moreThan6,2,0,Unknown,8,Другие
-121789584,Менеджер по маркетингу,500000,,500000,between3And6,0,0,Unknown,4.5,Менеджер
-120553267,Менеджер по работе с клиентами (менеджер по внедрению),,300000,300000,between1And3,10,0,Unknown,2,Менеджер
-121657864,Аналитик 1С,,1200000,1200000,between3And6,25,0,Unknown,4.5,Аналитик
-121446450,PR-менеджер/стажер,,100000,100000,noExperience,2,0,Unknown,0,Менеджер
-121601347,ИТ-консультант call-центра,200000,,200000,noExperience,7,0,Unknown,0,Другие
-121871917,Координатор-логист службы доставки,,312000,312000,between1And3,0,0,Unknown,2,Другие
-121106107,Программист 1C,1000000,,1000000,between3And6,0,0,Unknown,4.5,Другие
-121846320,BI analyst (middle),600000,800000,700000,between3And6,0,0,Middle,4.5,Аналитик
-122091322,Senior Fullstack Developer (NestJS / Next.js / PostgreSQL,600000,1000000,800000,between3And6,11,0,Senior,4.5,Разработчик
-122042427,Team Lead Java,3800,6500,5150,between3And6,6,0,Senior,4.5,Другие
-119533279,Product Designer,750000,1300000,1025000,between1And3,0,0,Unknown,2,Другие
-122016745,Менеджер по работе с клиентами,400000,,400000,between3And6,11,0,Unknown,4.5,Менеджер
-121314085,Менеджер по продажам в Stalfed,500000,3000000,1750000,between1And3,8,0,Unknown,2,Менеджер
-121618191,Flutter разработчик,,1000000,1000000,between1And3,2,0,Unknown,2,Разработчик
-121543323,Менеджер по продажам,,300000,300000,between3And6,4,0,Unknown,4.5,Менеджер
-121321248,Старший программист 1С,,800000,800000,between3And6,10,0,Senior,4.5,Другие
-121452906,Таргетолог / Perfomance - маркетолог,250000,350000,300000,between1And3,15,0,Unknown,2,Другие
-122095452,Лидоруб/Менеджер колл - центра (без продаж),150000,300000,225000,between1And3,5,0,Unknown,2,Менеджер
-121601868,1С программист,10000,,10000,between1And3,0,0,Unknown,2,Другие
-119284267,Тестировщик/эксперт по цифровой инклюзии,,600000,600000,between3And6,9,0,Unknown,4.5,Другие
-121903034,C#/.NET-разработчик,250000,,250000,between1And3,7,0,Unknown,2,Разработчик
-120599387,SMM-менеджер,300000,500000,400000,between3And6,8,0,Unknown,4.5,Менеджер
-122090217,Publication Specialist,700,900,800,noExperience,2,0,Unknown,0,Другие
-120258982,3D visualizer/Architect/Designer,300000,700000,500000,between3And6,12,0,Unknown,4.5,Другие
-121643778,Middle/Senior project manager,1000000,,1000000,between3And6,13,0,Middle,4.5,Менеджер
-121600855,Middle DevOps-инженер,500000,900000,700000,between3And6,14,0,Middle,4.5,Инженер
-121757784,Junior Data Analyst,500,700,600,between1And3,4,0,Junior,2,Аналитик
-121875592,Backend-разработчик (Node.js / ASP.NET),400000,500000,450000,between1And3,0,0,Unknown,2,Разработчик
-121352209,"Территориальный представитель (г. Алматы, Республика Казахстан)",80000,,80000,between1And3,5,0,Unknown,2,Другие
-121965239,Специалист колл-центра,300000,,300000,between1And3,10,0,Unknown,2,Другие
-121455144,UI/UX Дизайнер (Middle+),600000,,600000,between3And6,3,0,Middle,4.5,Другие
-121783675,Аналитик-маркетолог,300000,,300000,between1And3,8,0,Unknown,2,Аналитик
-120071990,Middle Go-разработчик,800000,1600000,1200000,between3And6,7,0,Middle,4.5,Разработчик
-121715659,Ассистент руководителя по продажам,250000,,250000,noExperience,16,0,Unknown,0,Другие
-121632121,Маркетолог,200000,300000,250000,between1And3,0,0,Unknown,2,Другие
-120978394,Ассистент маркетолога,450000,,450000,noExperience,0,0,Unknown,0,Другие
-121061877,IOS-разработчик,300000,300000,300000,between1And3,3,0,Unknown,2,Разработчик
-117559242,Web QA в Kolesa.kz (Manual + Automation),600000,1350000,975000,between1And3,6,0,Unknown,2,Другие
-121979775,Senior Python разработчик,1100000,1400000,1250000,between3And6,11,0,Senior,4.5,Разработчик
-121987122,Performance manager (digital marketing),350000,700000,525000,between1And3,2,0,Unknown,2,Менеджер
-121764189,Главный бухгалтер,1000000,,1000000,moreThan6,0,0,Unknown,8,Другие
-121520963,Аналитик данных,250000,,250000,noExperience,10,0,Unknown,0,Аналитик
-121223042,Инженер-программист C/C++,700000,1100000,900000,between3And6,8,0,Unknown,4.5,Инженер
-121976213,Барбек,228000,,228000,between1And3,0,0,Unknown,2,Другие
-121226410,Программист 1С,1000000,,1000000,between3And6,5,0,Unknown,4.5,Другие
-120813712,VoIP-специалист/Телефонист,130000,180000,155000,between1And3,0,0,Unknown,2,Другие
-121440053,Начальник строительного участка,600000,,600000,moreThan6,8,0,Unknown,8,Другие
-121044483,Специалист по рекламациям (возвратам),250000,280000,265000,between1And3,5,0,Unknown,2,Другие
-121320272,Разработчик игр на Unity,200000,350000,275000,between1And3,0,0,Unknown,2,Разработчик
-121909379,Junior QA Developer,200000,450000,325000,noExperience,0,0,Junior,0,Разработчик
-121032715,Программист 1С (Отдел программного обеспечения),600000,600000,600000,between1And3,4,0,Unknown,2,Другие
-121601348,Бухгалтер,500000,,500000,between1And3,0,0,Unknown,2,Другие
-120628519,Продавец-консультант ювелирных изделий apm Monaco,350000,600000,475000,between1And3,0,0,Unknown,2,Другие
-120193268,Бизнес-ассистент,,300000,300000,noExperience,15,0,Unknown,0,Другие
-121942220,PHP разработчик,,600000,600000,between1And3,0,0,Unknown,2,Разработчик
-121731029,Помощник специалиста внедрения CRM,240000,300000,270000,between1And3,3,0,Unknown,2,Другие
-121419759,Go developer (middle),1500,3000,2250,between3And6,4,0,Middle,4.5,Разработчик
-121992363,Full-Stack разработчик (PHP),400000,,400000,between3And6,7,0,Unknown,4.5,Разработчик
-121805328,Senior Python developer,4000,6000,5000,between3And6,4,0,Senior,4.5,Разработчик
-121872529,Middle Backend разработчик,700000,900000,800000,between3And6,6,0,Middle,4.5,Разработчик
-121680140,Руководитель проектов,500000,600000,550000,between3And6,6,0,Unknown,4.5,Другие
-121939230,Аналитик эффективности взыскания,,450000,450000,noExperience,5,0,Unknown,0,Аналитик
-120572503,Middle Java-разработчик на внутренний продукт,1200000,1600000,1400000,between3And6,17,0,Middle,4.5,Разработчик
-121602190,Разнорабочий,250000,250000,250000,between1And3,0,0,Unknown,2,Другие
-121643454,Агент по недвижимости,600000,1000000,800000,noExperience,4,0,Unknown,0,Другие
-121600549,Специалист по тендерам/закупу,350000,540000,445000,between3And6,0,0,Unknown,4.5,Другие
-117955202,Менеджер по продажам в отдел продаж,500000,3000000,1750000,noExperience,30,0,Unknown,0,Менеджер
-121602196,Менеджер по продажам,400000,600000,500000,between1And3,7,0,Unknown,2,Менеджер
-121118953,SMM-менеджер,400000,800000,600000,between3And6,7,0,Unknown,4.5,Менеджер
-121530115,Инженер КИПиА / Инженер по промышленному мониторингу (Астана),600000,900000,750000,between3And6,8,0,Unknown,4.5,Инженер
-120738997,HR generalist (Астана),,600000,600000,moreThan6,9,0,Unknown,8,Другие
-122039039,Web-разработчик,,500000,500000,between3And6,7,0,Unknown,4.5,Разработчик
-121071201,Начинающий финансовый специалист по взаиморасчетам с поставщиками,300000,350000,325000,noExperience,7,0,Unknown,0,Другие
-121603052,Business / Data Analyst (Аналитик операционных данных),,700000,700000,between1And3,0,0,Unknown,2,Аналитик
-121452404,Маркетолог,400000,500000,450000,between1And3,0,0,Unknown,2,Другие
-121801376,Ассистент по маркетингу и продажам (семенной бизнес),600000,,600000,between3And6,7,0,Unknown,4.5,Другие
-121859093,UI/UX дизайнер,200000,300000,250000,between1And3,7,0,Unknown,2,Другие
-121064426,QA Engineer,400000,600000,500000,between1And3,1,0,Unknown,2,Инженер
-121726240,Tech support engineer (L3),1700,,1700,between1And3,0,0,Unknown,2,Инженер
-121958280,Супервайзер отдела продаж,600000,950000,775000,between3And6,5,0,Unknown,4.5,Другие
-121986969,Маркетинговый аналитик,400000,500000,450000,between1And3,0,0,Unknown,2,Аналитик
-121569390,Системный аналитик / Бизнес Аналитик / System Analyst,300000,500000,400000,between1And3,5,0,Unknown,2,Аналитик
-121110043,Промоутер,355000,,355000,noExperience,0,0,Unknown,0,Другие
-121850032,"Менеджер по продажам (B2B, телеком-оборудование)",250000,,250000,between1And3,4,0,Unknown,2,Менеджер
-121717116,Ассистент по снабжению и логистике,250000,300000,275000,noExperience,14,0,Unknown,0,Другие
-121618406,Менеджер продукта Senior/Middle,,881000,881000,between1And3,0,0,Middle,2,Менеджер
-121506147,Специалист по работе с данными,625000,,625000,between1And3,7,0,Unknown,2,Другие
-121475132,Head of Media Buying,3000,10000,6500,between3And6,0,0,Unknown,4.5,Другие
-121618579,"Middle Frontend Developer (Django templates, MPA)",800000,1000000,900000,between3And6,0,0,Middle,4.5,Разработчик
-121175674,Разработчик 1С/Программист 1С,900000,,900000,between1And3,7,0,Unknown,2,Разработчик
-121276541,Менеджер по продажам,50000,180000,115000,between1And3,25,0,Unknown,2,Менеджер
-121992852,Химик - аналитик,270000,300000,285000,between1And3,4,0,Unknown,2,Аналитик
-121792438,Директор по цифровой трансформации (CDTO),1000000,,1000000,between3And6,6,0,Unknown,4.5,Другие
-121079505,"Инженер программист систем АСКУЭ, АСУ ТП, КИП и А.",500000,,500000,moreThan6,6,0,Unknown,8,Инженер
-121359768,Программист 1С,400000,600000,500000,between1And3,7,0,Unknown,2,Другие
-121262326,Специалист технической поддержки,150000,200000,175000,noExperience,0,0,Unknown,0,Другие
-121964914,Аналитик-консультант,400000,550000,475000,between1And3,0,0,Unknown,2,Аналитик
-121902519,"Главный менеджер управления мониторинга научных, научно-технических проектов и программ ДМННТЭиППК",390000,390000,390000,between3And6,8,0,Unknown,4.5,Менеджер
-121267754,Разработчик Node.js,1000000,1500000,1250000,between3And6,6,0,Unknown,4.5,Разработчик
-121098312,Консультант-специалист 1С,400000,750000,575000,between3And6,8,0,Unknown,4.5,Другие
-122061807,Системный администратор в IT компанию,300000,,300000,between1And3,0,0,Unknown,2,Другие
-121130123,Специалист по техническому сопровождению клиентов,250000,380000,315000,between1And3,7,0,Unknown,2,Другие
-121809431,Unity-разработчик (C#),200000,500000,350000,between1And3,4,0,Unknown,2,Разработчик
-121106633,Менеджер по работе с ключевыми клиентами,400000,,400000,between3And6,9,0,Unknown,4.5,Менеджер
-122088050,Менеджер-аналитик по маркетплейсам,200000,200000,200000,between1And3,5,0,Unknown,2,Аналитик
-121955494,Официант,320000,,320000,between1And3,7,0,Unknown,2,Другие
-121108157,Программист-консультант,100000,200000,150000,noExperience,0,0,Unknown,0,Другие
-121604633,IT системный аналитик,600000,1000000,800000,between3And6,6,0,Unknown,4.5,Аналитик
-121227087,PHP Backend-разработчик (Middle),450000,600000,525000,between1And3,8,0,Middle,2,Разработчик
-121794943,Аналитик отдела системного и программного обеспечения,,500000,500000,between3And6,0,0,Unknown,4.5,Аналитик
-121746006,Руководитель отдела продаж,600000,1500000,1050000,moreThan6,24,0,Unknown,8,Другие
-120785799,Программист 1С,400000,600000,500000,between1And3,1,0,Unknown,2,Другие
-121509369,Flutter Developer Senior,850000,1050000,950000,between3And6,18,0,Senior,4.5,Разработчик
-122035453,Стажер аналитик Битрикс24,150000,,150000,noExperience,11,0,Unknown,0,Аналитик
-121451417,Веб-разработчик,100000,,100000,between1And3,7,0,Unknown,2,Разработчик
-121963072,Макетчик-художник оформитель,200000,500000,350000,between1And3,12,0,Unknown,2,Другие
-121677496,Руководитель отдела продаж (Знание английского от уровня B2),350000,1200000,775000,between3And6,15,0,Unknown,4.5,Другие
-121318699,Финансовый аналитик / Финансовый консультант,800000,1000000,900000,moreThan6,0,0,Unknown,8,Аналитик
-118711736,Web-программист - стажер,100000,100000,100000,noExperience,17,0,Unknown,0,Другие
-121325346,Делопроизводитель,200000,250000,225000,between1And3,9,0,Unknown,2,Другие
-121818581,QA-тестировщик / Тестировщик ПО,300000,500000,400000,noExperience,0,0,Unknown,0,Другие
-121443573,PHP-разработчик,500000,1500000,1000000,moreThan6,4,0,Unknown,8,Разработчик
-121975990,Junior Accounting Assistant,500,2000,1250,noExperience,3,0,Junior,0,Другие
-121490865,Senior Backend Developer / Старший бэкэнд-разработчик,3000,5000,4000,moreThan6,5,0,Senior,8,Разработчик
-121474170,Старший финансовый аналитик,300000,800000,550000,between3And6,16,0,Senior,4.5,Аналитик
-122071742,Руководитель проектов,250000,500000,375000,between1And3,6,0,Unknown,2,Другие
-121362490,Программист 1С,500000,,500000,between1And3,3,0,Unknown,2,Другие
-121739154,React Native Developer,1000,,1000,between3And6,0,0,Unknown,4.5,Разработчик
-121184377,Business Development (AI B2B SaaS),,700000,700000,noExperience,7,0,Unknown,0,Другие
-121935588,Lead QA Automation Engineer,3000,3500,3250,between3And6,0,0,Senior,4.5,Инженер
-121040604,Продавец /представитель бренда,160000,600000,380000,between1And3,0,0,Unknown,2,Другие
-121957632,Технический писатель/Бизнес аналитик,600000,600000,600000,between1And3,0,0,Unknown,2,Аналитик
-121619960,Frontline Sales Specialist,,1600,1600,between1And3,1,0,Unknown,2,Другие
-121987947,Senior Business Analyst (AI + Геймификация),800000,,800000,between3And6,3,0,Senior,4.5,Аналитик
-121971007,Дата-аналитик,,700000,700000,between1And3,6,0,Unknown,2,Аналитик
-119056436,Программист 1С,260000,260000,260000,between1And3,0,0,Unknown,2,Другие
-122002642,"Senior Java Developer, AWS",5000,6000,5500,moreThan6,3,0,Senior,8,Разработчик
-121200004,Специалист поддержки Яндекс Плюса (со знанием узбекского языка),118000,,118000,noExperience,0,0,Unknown,0,Другие
-122017456,Инженер-теплотехник,,495000,495000,between3And6,14,0,Unknown,4.5,Инженер
-121943379,Senior Data Scientist / Дата-сайентист,5000,7000,6000,moreThan6,4,0,Senior,8,Другие
-121440108,Юрист,600000,,600000,moreThan6,9,0,Unknown,8,Другие
-121654684,Фронтэнд разработчик,300000,400000,350000,between3And6,0,0,Unknown,4.5,Разработчик
-121975846,Ассистент руководителя,300000,500000,400000,between3And6,19,0,Unknown,4.5,Другие
-121876222,IT Project manager middle +,500000,600000,550000,between3And6,6,0,Middle,4.5,Менеджер
-121912424,Middle Flutter разработчик,300000,,300000,between1And3,0,0,Middle,2,Разработчик
-121614942,Оператор видеонаблюдения,300000,300000,300000,between1And3,1,0,Unknown,2,Другие
-121278887,Site Planner,500000,600000,550000,between3And6,1,0,Unknown,4.5,Другие
-121089042,HR Generalist,500000,,500000,between3And6,0,0,Unknown,4.5,Другие
-121705320,Бизнес-аналитик,800000,1000000,900000,moreThan6,8,0,Unknown,8,Аналитик
-121931911,Специалист по продаже и сдаче в аренду коммерческой недвижимости,400000,5000000,2700000,noExperience,14,0,Unknown,0,Другие
-121385035,Маркетинговый аналитик,,450000,450000,between1And3,4,0,Unknown,2,Аналитик
-121910334,Senior Accountant (International Company),,800000,800000,moreThan6,0,0,Senior,8,Другие
-122045368,"Маркетолог ,менеджер по развитию бизнеса (B2C.Мужская одежда)",300000,450000,375000,between3And6,5,0,Unknown,4.5,Менеджер
-121540630,Коммерческий директор (CCO),1000000,,1000000,between3And6,9,0,Unknown,4.5,Другие
-121246804,Project & Development Coordinator (COST and value assurance reviews),,1200000,1200000,moreThan6,0,0,Unknown,8,Другие
-121862769,Финансовый аналитик,500000,700000,600000,moreThan6,6,0,Unknown,8,Аналитик
-121543526,Бухгалтер в одном лице,350000,400000,375000,moreThan6,0,0,Unknown,8,Другие
-121846386,Менеджер по продажам строительного оборудования (Международная компания),600000,,600000,between3And6,0,0,Unknown,4.5,Менеджер
-118531636,Ведущий специалист по разработке BI систем,,1000000,1000000,between3And6,10,0,Unknown,4.5,Разработчик
-121217757,Региональный менеджер по продажам,400000,,400000,between1And3,4,0,Unknown,2,Менеджер
-121038101,Специалист по мониторингу СМИ и соцсетей,250000,250000,250000,between1And3,0,0,Unknown,2,Другие
-121468937,Преподаватель шахмат,550000,,550000,between3And6,9,0,Unknown,4.5,Другие
-121842650,Бухгалтер-оператор СНТ,350000,,350000,between1And3,18,0,Unknown,2,Другие
-121935661,Специалист аналитик по расчетам бонусов,350000,450000,400000,noExperience,0,0,Unknown,0,Аналитик
-121527188,Backend developer,800000,,800000,between3And6,12,0,Unknown,4.5,Разработчик
-121769136,Менеджер по продажам (Business Development Manager),500000,1200000,850000,between1And3,5,0,Unknown,2,Менеджер
-121866899,Web Designer/дизайнер,180000,350000,265000,between1And3,7,0,Unknown,2,Другие
-121356799,International Sales Representative,2000,,2000,noExperience,1,0,Unknown,0,Другие
-121844495,Бухгалтер на первичную документацию,250000,,250000,between1And3,6,0,Unknown,2,Другие
-121998648,Fullstack developer,1500,,1500,between1And3,17,0,Unknown,2,Разработчик
-121547267,Системный администратор / Тестировщик,200000,,200000,noExperience,5,0,Unknown,0,Другие
-121475987,Менеджер по продажам B2C (входящий теплый трафик),500000,700000,600000,between1And3,7,0,Unknown,2,Менеджер
-122024179,IOS разработчик,,1300000,1300000,between1And3,0,0,Unknown,2,Разработчик
-121199084,Менеджер по маркетплейсу/Программист/Информатик,200000,,200000,noExperience,2,0,Unknown,0,Менеджер
-121194799,Аналитик данных,300000,,300000,between1And3,0,0,Unknown,2,Аналитик
-121845781,Руководитель телемаркетинга в девелопменте,400000,1000000,700000,between3And6,3,0,Unknown,4.5,Другие
-121887419,Java Developer,600000,,600000,between3And6,4,0,Unknown,4.5,Разработчик
-121799462,Директор филиала,,500000,500000,between3And6,0,0,Unknown,4.5,Другие
-121984617,SMM-менеджер,350000,,350000,between1And3,0,0,Unknown,2,Менеджер
-118073676,Менеджер по продажам,500000,3000000,1750000,noExperience,30,0,Unknown,0,Менеджер
-121990024,PHP Веб Программист / Backend / Fullstack Разработчик,500000,600000,550000,between1And3,15,0,Unknown,2,Разработчик
-120338135,Оператор 1С по оприходованию импортных поставок (цветы),300000,300000,300000,between1And3,5,0,Unknown,2,Другие
-121110419,Бухгалтер,400000,450000,425000,between3And6,3,0,Unknown,4.5,Другие
-121716687,Оператор видеонаблюдения,200000,200000,200000,between1And3,9,0,Unknown,2,Другие
-121601974,"Fullstack-разработчик (Node. Js, React, Python)",1500,2500,2000,between3And6,17,0,Unknown,4.5,Разработчик
-121923857,1С-Программист,,1100000,1100000,between3And6,3,0,Unknown,4.5,Другие
-105243088,Руководитель отдела продаж,800000,1500000,1150000,between1And3,13,0,Unknown,2,Другие
-121151146,Performance Test Engineer - LOAD tester (Azerbaijan),3000,4000,3500,between3And6,0,0,Unknown,4.5,Инженер
-120792268,Уборщица/Уборщик,200000,,200000,noExperience,0,0,Unknown,0,Другие
-121730863,Influence-менеджер / Менеджер по работе с блогерами,3000,,3000,between1And3,7,0,Unknown,2,Менеджер
-121168526,Менеджер по продажам B2B (премиальное инженерное оборудование),500000,1500000,1000000,moreThan6,11,0,Unknown,8,Инженер
-121621843,Менеджер по маркетплейсам,200000,,200000,between1And3,3,0,Unknown,2,Менеджер
-121897169,Главный менеджер управления проектов коммерциализации и субъектов предпринимательства ДГНТЭ,390000,390000,390000,between3And6,4,0,Unknown,4.5,Менеджер
-121144479,Дата аналитик,450000,600000,525000,between3And6,9,0,Unknown,4.5,Аналитик
-121478992,Оператор отдела видеотрансляций,350000,550000,450000,between1And3,7,0,Unknown,2,Другие
-122088603,Специалист по сборке сайта (каталог),,250000,250000,between1And3,12,0,Unknown,2,Другие
-121176962,C#/.NET-разработчик,1000000,1200000,1100000,between3And6,0,0,Unknown,4.5,Разработчик
-121260766,Монтажник новых сайтов,250000,,250000,between1And3,0,0,Unknown,2,Другие
-121915987,QA Engineer / Test Automation Engineer,800000,1300000,1050000,between1And3,0,0,Unknown,2,Инженер
-121174475,Fullstack developer,800000,,800000,between3And6,15,0,Unknown,4.5,Разработчик
-121210477,Директор Департамента цифровой инклюзии,,800000,800000,between3And6,10,0,Unknown,4.5,Другие
-121262630,Middle/Senior Product Designer в Krisha.kz,750000,1500000,1125000,between1And3,0,0,Middle,2,Другие
-121604555,Менеджер по работе по контекстной рекламе,250000,350000,300000,between1And3,11,0,Unknown,2,Менеджер
-122013444,Программист 1С,400000,,400000,between3And6,4,0,Unknown,4.5,Другие
-121940220,Аналитик данных,,500000,500000,between1And3,4,0,Unknown,2,Аналитик
-121669767,Project manager стажер,100000,,100000,noExperience,6,0,Unknown,0,Менеджер
-118827760,Специалист по обработке информации,360000,,360000,between1And3,8,0,Unknown,2,Другие
-121619607,Джун лингвист (Разработчик),150000,,150000,between1And3,4,0,Unknown,2,Разработчик
-121534648,"Преподаватель специальных дисциплин по специальности ""Маркетинг""",325000,,325000,between1And3,13,0,Unknown,2,Другие
-121286057,Программист 1С,,800000,800000,between3And6,0,0,Unknown,4.5,Другие
-121973018,Recruiter,1800,2800,2300,between3And6,9,0,Unknown,4.5,Другие
-121351176,Менеджер по публикации мобильных приложений,500,700,600,noExperience,5,0,Unknown,0,Менеджер
-121556489,Frontend разработчик (Angular),350000,,350000,between1And3,7,0,Unknown,2,Разработчик
-120198667,Аналитик продаж,300000,300000,300000,between1And3,0,0,Unknown,2,Аналитик
-121628181,Ведущий QA инженер/AQA Engineer,700000,800000,750000,between3And6,8,0,Unknown,4.5,Инженер
-121445092,Оператор 1С,250000,,250000,noExperience,10,0,Unknown,0,Другие
-121517708,Руководитель Центра Data-аналитики,624000,936000,780000,between3And6,14,0,Unknown,4.5,Аналитик
-122051825,Бухгалтер по работе с маркетплейсами,250000,,250000,between1And3,3,0,Unknown,2,Другие
-121983721,Аналитик-консультант 1С,780000,1100000,940000,between3And6,11,0,Unknown,4.5,Аналитик
-120397462,Менеджер по подбору персонала (Рекрутер),300000,500000,400000,noExperience,19,0,Unknown,0,Менеджер
-121864494,Mobile QA Engineer (Android),800000,,800000,between3And6,0,0,Unknown,4.5,Инженер
-121755292,Специалист по внедрению CRM-систем и автоматизации бизнес-процессов,400000,800000,600000,between1And3,13,0,Unknown,2,Другие
-121677753,Middle back-end разработчик,700000,800000,750000,between3And6,15,0,Middle,4.5,Разработчик
-121204000,Стажер-разработчик,150000,150000,150000,noExperience,0,0,Unknown,0,Разработчик
-121987593,Аналитик данных,,350000,350000,between1And3,0,0,Unknown,2,Аналитик
-122015308,Student services department manager,400000,450000,425000,between3And6,15,0,Unknown,4.5,Менеджер
-122035025,Консультант внедрения BI,300000,1000000,650000,between1And3,5,0,Unknown,2,Другие
-121840060,Менеджер техподдержки в IT,200000,320000,260000,between1And3,10,0,Unknown,2,Менеджер
-122008662,Senior Fullstack разработчик,1000000,2000000,1500000,moreThan6,0,0,Senior,8,Разработчик
-121885860,SEO-специалист (Junior) / Начинающий сеошник,30000,,30000,between1And3,9,0,Junior,2,Другие
-121905806,Офис-менеджер,,250000,250000,between1And3,10,0,Unknown,2,Менеджер
-121541538,Менеджер по маркетингу и рекламе,300000,350000,325000,between1And3,10,0,Unknown,2,Менеджер
-121949883,International Sales Manager (with knowledge of Chinese),740,,740,between1And3,6,0,Unknown,2,Менеджер
-121945095,IT специалист,600000,,600000,between1And3,0,0,Unknown,2,Другие
-122024960,Senior Python разработчик,130000,200000,165000,between3And6,8,0,Senior,4.5,Разработчик
-121565748,Программист 1С,350000,600000,475000,between1And3,4,0,Unknown,2,Другие
-121766610,Business Development Manager (Менеджер по развитию бизнеса),500000,1000000,750000,between3And6,10,0,Unknown,4.5,Менеджер
-121707168,Главный аналитик,1000000,,1000000,between3And6,2,0,Unknown,4.5,Аналитик
-120637829,Финансовый контроллер,,800000,800000,between1And3,12,0,Unknown,2,Другие
-121841884,Бизнес-аналитик IT,400000,500000,450000,between3And6,2,0,Unknown,4.5,Аналитик
-121616897,"Инженер программист систем АСКУЭ, АСУ ТП, КИП и А",500000,,500000,moreThan6,0,0,Unknown,8,Инженер
-121561297,Бухгалтер по банковским операциям,350000,400000,375000,moreThan6,4,0,Unknown,8,Другие
-121858640,Трафик-менеджер,300000,,300000,between1And3,0,0,Unknown,2,Менеджер
-122080219,Специалист отдела технической поддержки (2 линия),,280000,280000,between1And3,11,0,Unknown,2,Другие
-122002546,Продавец-консультант косметики,,200000,200000,between1And3,4,0,Unknown,2,Другие
-121127736,Консультант 1С/PM менеджер,1000000,,1000000,between3And6,6,0,Unknown,4.5,Менеджер
-121164550,Системный аналитик,550000,,550000,between3And6,10,0,Unknown,4.5,Аналитик
-121064402,Руководитель группы разработки (Team Lead),,3500,3500,between1And3,1,0,Senior,2,Разработчик
-121617626,Middle SEO-специалист,350000,350000,350000,between1And3,11,0,Middle,2,Другие
-122089337,SMM-менеджер,250000,350000,300000,between1And3,6,0,Unknown,2,Менеджер
-121515318,1С Программист 8.3,,1500000,1500000,moreThan6,8,0,Unknown,8,Другие
-121459308,Видеограф,400000,,400000,between1And3,0,0,Unknown,2,Другие
-121308169,Linux Support Engineer,1000,1300,1150,between3And6,4,0,Unknown,4.5,Инженер
-121084071,Финансовый аналитик (Shell),,625000,625000,between1And3,7,0,Unknown,2,Аналитик
-119051099,Стажер-программист 1С,100000,,100000,noExperience,8,0,Unknown,0,Другие
-121357175,Youtube Content Manager,1000,1300,1150,noExperience,3,0,Unknown,0,Менеджер
-121936211,Старший менеджер по работе с клиентами,320000,,320000,between1And3,0,0,Senior,2,Менеджер
-121667266,"Middle ASP NET CORE, C# разработчик",800000,1000000,900000,between1And3,12,0,Middle,2,Разработчик
-121983124,Консультант 1С,700000,1000000,850000,between1And3,0,0,Unknown,2,Другие
-121942991,Fullstack-разработчик,600000,800000,700000,between3And6,0,0,Unknown,4.5,Разработчик
-121783590,Веб-разработчик (Shopify / GitHub / Magento / BigCommerce),3500,5000,4250,between3And6,8,0,Unknown,4.5,Разработчик
-121529133,Менеджер по развитию бизнеса / Business Development Manager,600000,,600000,between1And3,0,0,Unknown,2,Менеджер
-121863736,Аналитик отдела продаж / B2B-аналитик,400000,,400000,between1And3,0,0,Unknown,2,Аналитик
-121200463,Бизнес/системный аналитик (бухгалтерия/ERP),500000,,500000,between1And3,0,0,Unknown,2,Аналитик
-120899338,Трейд-маркетолог,550000,,550000,between1And3,0,0,Unknown,2,Другие
-121992840,"Mobile Senior, Flutter, Android/iOS",1500000,1700000,1600000,between3And6,6,0,Senior,4.5,Другие
-120632230,Главный специалист по подбору и адаптации персонала,,400000,400000,between1And3,0,0,Unknown,2,Другие
-121374928,Инженер-программист 1С,750000,1000000,875000,between1And3,4,0,Unknown,2,Инженер
-122017751,Офис-менеджер,200000,250000,225000,between3And6,5,0,Unknown,4.5,Менеджер
-121569190,IT Project manager (Проектный менеджер в сфере IT),550000,,550000,between3And6,10,0,Unknown,4.5,Менеджер
-121822252,Специалист по ведению баз данных и отчетности,320000,,320000,between1And3,0,0,Unknown,2,Другие
-120482707,SMM-менеджер,280000,280000,280000,between1And3,0,0,Unknown,2,Менеджер
-121203481,Интернет-маркетолог / digital маркетолог,300000,500000,400000,between1And3,30,0,Unknown,2,Другие
-122048998,Junior Learning & Development Specialist - Talent,300000,,300000,noExperience,9,0,Junior,0,Другие
-121390455,IT Support / Service Desk Specialist,230000,230000,230000,noExperience,0,0,Unknown,0,Другие
-121215831,"Product Manager (B2B, Business Analytics)",,2500,2500,between3And6,0,0,Unknown,4.5,Менеджер
-121302385,Специалист по взысканию задолженности,200000,,200000,between1And3,8,0,Unknown,2,Другие
-121263815,Менеджер по продаже недвижимости,500000,3000000,1750000,noExperience,30,0,Unknown,0,Менеджер
-121863231,Специалист по закупу земельных участков,500000,,500000,between3And6,0,0,Unknown,4.5,Другие
-121934882,Учитель информатики,250000,,250000,between1And3,0,0,Unknown,2,Другие
-122020399,Sales Manager,800,,800,between1And3,6,0,Unknown,2,Менеджер
-121361561,Оператор видеонаблюдения Axess,300000,300000,300000,between3And6,5,0,Unknown,4.5,Другие
-119760510,Руководитель отдела маркетинга,570000,800000,685000,between1And3,5,0,Unknown,2,Другие
-121323121,Менеджер по продажам / Business Development Manager,300000,1000000,650000,between1And3,0,0,Unknown,2,Менеджер
-121606900,Full-Stack Developer (PHP + Python),2000,4000,3000,between1And3,0,0,Unknown,2,Разработчик
-121617772,Администратор отдела внедрения и сопровождения,300000,350000,325000,between1And3,6,0,Unknown,2,Другие
-122095505,Специалист технической поддержки/web-разработчик,150000,200000,175000,noExperience,13,0,Unknown,0,Разработчик
-121727223,Специалист по таможенному законодательству,500000,,500000,between3And6,9,0,Unknown,4.5,Другие
-121844704,Unity-разработчик в офис г.Астана (РФ удаленно не рассматриваем),400000,800000,600000,between1And3,0,0,Unknown,2,Разработчик
-121391997,Прожект-менеджер,500000,1000000,750000,between3And6,14,0,Unknown,4.5,Менеджер
-121621240,Sales Representative,2000,6000,4000,between3And6,0,0,Unknown,4.5,Другие
-121118419,Junior Full Stack,300000,400000,350000,noExperience,0,0,Junior,0,Другие
-121934352,Специалист ИТ,,400000,400000,between1And3,0,0,Unknown,2,Другие
-121613930,Менеджер проектов,500000,500000,500000,between1And3,7,0,Unknown,2,Менеджер
-121601973,"Fullstack-разработчик (Node. Js, React, Python)",1500,2500,2000,between3And6,17,0,Unknown,4.5,Разработчик
-121529924,Учитель английского языка,250000,400000,325000,between1And3,5,0,Unknown,2,Другие
-121209623,Маркетолог в IT-компанию MacDent,500000,1000000,750000,between3And6,30,0,Unknown,4.5,Другие
-121819084,Python Developer,,900000,900000,between1And3,0,0,Unknown,2,Разработчик
-121465846,Технический менеджер проекта (электроника),450000,1200000,825000,between3And6,4,0,Unknown,4.5,Менеджер
-121695529,Менеджер по продажам,50000,180000,115000,between1And3,25,0,Unknown,2,Менеджер
-122009748,Менеджер по продажам и сопровождению проектов,500000,,500000,moreThan6,9,0,Unknown,8,Менеджер
-119422763,Автослесарь,650000,1100000,875000,moreThan6,7,0,Unknown,8,Другие
-121221057,Программист 1С,423000,540000,481500,between3And6,0,0,Unknown,4.5,Другие
-121125021,NET Разработчик,500000,800000,650000,between3And6,0,0,Unknown,4.5,Разработчик
-121379278,Веб-разработчик,500000,,500000,between1And3,4,0,Unknown,2,Разработчик
-121847259,Преподаватель Учебного центра,500000,2000000,1250000,noExperience,0,0,Unknown,0,Другие
-121668782,"Специалист по фармаконадзору/менеджер по регистрации ЛС, МИ",,800000,800000,moreThan6,11,0,Unknown,8,Менеджер
-122078028,Аналитик отдела продаж,700000,800000,750000,between3And6,8,0,Unknown,4.5,Аналитик
-121532734,Lead Backend Developer / Senior Backend Developer (Node.js),3000,,3000,between3And6,13,0,Senior,4.5,Разработчик
-121706791,"Инженер-механик, водитель",61200,68900,65050,between1And3,2,0,Unknown,2,Инженер
-121478651,CRM Менеджер,220000,230000,225000,noExperience,4,0,Unknown,0,Менеджер
-121808742,Младший маркетолог-аналитик,200000,,200000,between1And3,0,0,Junior,2,Аналитик
-121036281,Руководитель юридического департамента,1000000,,1000000,between3And6,2,0,Unknown,4.5,Другие
-121556850,Middle PHP developer (Full stack) +DevOps,350000,400000,375000,between3And6,8,0,Middle,4.5,Разработчик
-121493734,"Оператор 1С, баз данных",200000,250000,225000,between1And3,8,0,Unknown,2,Другие
-120979600,Бухгалтер-Ревизор-производственник,300000,350000,325000,between1And3,4,0,Unknown,2,Другие
-121462837,Главный бухгалтер,900000,,900000,moreThan6,23,0,Unknown,8,Другие
-121144121,Golang-разработчик,800,,800,between1And3,9,0,Unknown,2,Разработчик
-119422926,Сервисный консультант,700000,1200000,950000,moreThan6,7,0,Unknown,8,Другие
-120524255,Бухгалтер - операционист,,350000,350000,between1And3,0,0,Unknown,2,Другие
-121607001,Менеджер по продажам,150000,500000,325000,between3And6,11,0,Unknown,4.5,Менеджер
-121670009,Технический директор (CTO),700000,800000,750000,between3And6,0,0,Unknown,4.5,Другие
-121224828,Водитель офисный,,250000,250000,between1And3,8,0,Unknown,2,Другие
-121797964,Native English speaker,60000,,60000,between1And3,2,0,Unknown,2,Другие
-120722264,Менеджер по продажам,300000,1000000,650000,between1And3,17,0,Unknown,2,Менеджер
-121036046,Маркетолог,700,1500,1100,between1And3,13,0,Unknown,2,Другие
-121819774,SMM-менеджер,350000,500000,425000,between1And3,16,0,Unknown,2,Менеджер
-121517445,Менеджер по развитию партнерских продаж,400000,800000,600000,between3And6,10,0,Unknown,4.5,Менеджер
-122076983,Assistant to CEO,250000,,250000,between1And3,6,0,Unknown,2,Другие
-121232289,Procurement Specialist,320000,400000,360000,between1And3,6,0,Unknown,2,Другие
-121495485,"Аналитик-консультант 1С (УТ, Розница, ТК)",600000,,600000,between3And6,0,0,Unknown,4.5,Аналитик
-121791197,Менеджер по продажам в отели (ОАЭ | Дубай),2500,5000,3750,between1And3,0,0,Unknown,2,Менеджер
-119056513,Менеджер по продажам (Sales Manager),300000,900000,600000,between1And3,0,0,Unknown,2,Менеджер
-122048524,Монтажник видеонаблюдения,200000,350000,275000,between1And3,5,0,Unknown,2,Другие
-121671741,Junior аналитик-скриптолог со знанием узбекского языка (в IT-компанию),190000,,190000,noExperience,0,0,Junior,0,Аналитик
-121788467,AI-разработчик (JavaScript),300000,,300000,between1And3,7,0,Unknown,2,Разработчик
-121098030,Junior Аналитик,70000,,70000,between1And3,10,0,Junior,2,Аналитик
-121569174,Руководитель маркетплейса,200000,,200000,between1And3,10,0,Unknown,2,Другие
-121479576,Hr-менеджер (рекрутер) в онлайн-школу,500000,,500000,between3And6,6,0,Unknown,4.5,Менеджер
-121956780,Тестировщик-аналитик,400000,,400000,noExperience,1,0,Unknown,0,Аналитик
-121564322,Fullstack-разработчик,500000,600000,550000,moreThan6,6,0,Unknown,8,Разработчик
-121728479,UX Program Manager,6500,7200,6850,moreThan6,7,0,Unknown,8,Менеджер
-121972117,React Native-разработчик,1200,2400,1800,between3And6,3,0,Unknown,4.5,Разработчик
-118356962,Database Administration Engineer (Postgres DBA),2500,3500,3000,between3And6,9,0,Unknown,4.5,Инженер
-121483777,Специалист аналитического отдела,200000,300000,250000,noExperience,6,0,Unknown,0,Аналитик
-121814597,Стажер в отдел бизнес-аналитики,150000,150000,150000,noExperience,5,0,Unknown,0,Аналитик
-121918898,SMM-менеджер,10000,,10000,between1And3,0,0,Unknown,2,Менеджер
-121916136,Официант,250000,250000,250000,between1And3,4,0,Unknown,2,Другие
-121983367,PL/SQL разработчик / Разработчик БД,450000,650000,550000,between3And6,4,0,Unknown,4.5,Разработчик
-121439983,"Менеджер по кадровому делопроизводству, офис менеджер",400000,500000,450000,moreThan6,7,0,Unknown,8,Менеджер
-122060568,Account manager,150000,800000,475000,between1And3,11,0,Unknown,2,Менеджер
-121841121,Android-разработчик (Middle - Senior),300000,800000,550000,between1And3,10,0,Middle,2,Разработчик
-118973303,Главный инженер проекта (офисная позиция),,700000,700000,between3And6,6,0,Unknown,4.5,Инженер
-121332701,Специалист по hardware-разработкам,100000,,100000,noExperience,0,0,Unknown,0,Разработчик
-121125688,Business Development Manager по ИБ,600000,1000000,800000,between1And3,5,0,Unknown,2,Менеджер
-121736728,Middle+/Senior Flutter Developer,800000,1100000,950000,between3And6,4,0,Middle,4.5,Разработчик
-121370426,Менеджер проектов,500000,500000,500000,between3And6,0,0,Unknown,4.5,Менеджер
-121602787,Enterprise Sales Manager (Digital / SaaS),500000,,500000,between3And6,0,0,Unknown,4.5,Менеджер
-121912969,"Python-разработчик (FastAPI, Junior+)",250000,350000,300000,between1And3,9,0,Junior,2,Разработчик
-121396714,Аналитик,300000,400000,350000,between1And3,10,0,Unknown,2,Аналитик
-122059730,Программист АСУТП,600000,,600000,between1And3,4,0,Unknown,2,Другие
-121613964,Менеджер по закупкам / Procurement Manager,,500000,500000,moreThan6,0,0,Unknown,8,Менеджер
-121452730,"Key Account Manager (Pharmaceuticals), Bharat Serums and Vaccines Limited",550000,600000,575000,between1And3,5,0,Unknown,2,Менеджер
-121039086,Горничная,200000,250000,225000,between1And3,0,0,Unknown,2,Другие
-121847493,Менеджер по продажам со знанием английского языка,1000,2000,1500,between1And3,6,0,Unknown,2,Менеджер
-121040082,Продавец /представитель бренда,160000,600000,380000,between1And3,17,0,Unknown,2,Другие
-122055440,Руководитель,400000,400000,400000,between1And3,2,0,Unknown,2,Другие
-121773782,Ассистент коммерческого отдела,,300000,300000,between1And3,0,0,Unknown,2,Другие
-121288052,Ассистент отдела маркетинга,200000,290000,245000,between1And3,10,0,Unknown,2,Другие
-121862358,Backend-разработчик,500000,600000,550000,between3And6,4,0,Unknown,4.5,Разработчик
-121984789,Коммерческий директор (CCO),1000000,,1000000,between3And6,28,0,Unknown,4.5,Другие
-121113798,PR Manager,700000,1100000,900000,between3And6,3,0,Unknown,4.5,Менеджер
-117955269,Ипотечный брокер в отдел сопровождения сделок,400000,1000000,700000,noExperience,30,0,Unknown,0,Другие
-121915044,Программист,150000,450000,300000,between1And3,0,0,Unknown,2,Другие
-121471643,Операционный директор (COO),500000,700000,600000,between3And6,9,0,Unknown,4.5,Другие
-122085638,Senior Product Manager/Старший Продакт-менеджер,500000,,500000,moreThan6,0,0,Senior,8,Менеджер
-121208810,Ведущий аналитик коммерческого отдела,600000,,600000,between1And3,0,0,Unknown,2,Аналитик
-121282646,Аналитик,,600000,600000,between3And6,0,0,Unknown,4.5,Аналитик
-121519913,Маркетолог,500000,600000,550000,between3And6,0,0,Unknown,4.5,Другие
-121833152,Аналитик по ценообразованию,400000,500000,450000,between1And3,0,0,Unknown,2,Аналитик
-121469419,Разработчик Bitrix (Junior+),400000,600000,500000,between1And3,0,0,Junior,2,Разработчик
-121242901,"Стажер CRM маркетолог в IT Startup ""Резиденты Astana Hub""",,125000,125000,noExperience,7,0,Unknown,0,Другие
-121671245,Fullstack-разработчик,600000,800000,700000,between3And6,0,0,Unknown,4.5,Разработчик
-121830128,Тестировщик (middle/middle+) в интернет-магазин,600000,1000000,800000,between3And6,15,0,Middle,4.5,Другие
-121731587,Маркетолог,250000,,250000,between3And6,0,0,Unknown,4.5,Другие
-121617875,SEO-специалист,250000,,250000,between1And3,10,0,Unknown,2,Другие
-121378387,СММ-специалист,150000,150000,150000,between1And3,8,0,Unknown,2,Другие
-121047390,Менеджер по продажам B2B,400000,800000,600000,between1And3,5,0,Unknown,2,Менеджер
-121636759,Менеджер по продажам B2B,250000,,250000,between1And3,9,0,Unknown,2,Менеджер
-121615794,"Менеджер по работе с маркетплейсами (Ozon, Wildberries)",250000,,250000,between1And3,7,0,Unknown,2,Менеджер
-121106371,Бизнес-аналитик,500000,,500000,between3And6,10,0,Unknown,4.5,Аналитик
-121713660,Market Research & Analyse,800,,800,between1And3,7,0,Unknown,2,Другие
-121063061,Front-end разработчик (Middle),600000,800000,700000,between1And3,0,0,Middle,2,Разработчик
-117115415,Outdoor Sales Representative,400,800,600,between3And6,5,0,Unknown,4.5,Другие
-121602962,Руководитель отдела разработки 1С,1300000,2500000,1900000,between1And3,11,0,Unknown,2,Разработчик
-121298948,Frontend developer (React),400000,600000,500000,between1And3,7,0,Unknown,2,Разработчик
-121912000,Операционный менеджер,200000,300000,250000,between1And3,5,0,Unknown,2,Менеджер
-121758397,SEO-специалист,200000,300000,250000,between1And3,8,0,Unknown,2,Другие
-121208882,Node.js / Java Developer (Middle + / Senior),1000000,,1000000,between3And6,6,0,Middle,4.5,Разработчик
-121049534,"Full stack разработчик (frontend, backend)",300000,750000,525000,between1And3,18,0,Unknown,2,Разработчик
-121043157,Аккаунт-менеджер / Менеджер проектов,250000,700000,475000,between1And3,9,0,Unknown,2,Менеджер
-121289273,Менеджер по продажам,1000,2000,1500,between1And3,6,0,Unknown,2,Менеджер
-121746790,Популярный VPN ищет продуктового менеджера (B2C),3000,4000,3500,moreThan6,4,0,Unknown,8,Менеджер
-121678990,Senior Backend / Fullstack Разработчик (PHP / Laravel),550000,850000,700000,between3And6,13,0,Senior,4.5,Разработчик
-121606214,Middle Backend Java разработчик,500000,800000,650000,between3And6,16,0,Middle,4.5,Разработчик
-121684932,Юрист по недвижимости,400000,1000000,700000,noExperience,0,0,Unknown,0,Другие
-121619725,Backend-разработчик,,1000000,1000000,between3And6,0,0,Unknown,4.5,Разработчик
-121454552,Финансовый аналитик в консалтинговую компанию,400000,,400000,between1And3,5,0,Unknown,2,Аналитик
-121792331,Программист 1СБитрикс / Разработчик сайтов на PHP,150000,250000,200000,between1And3,0,0,Unknown,2,Разработчик
-121320024,Системный администратор,100000,,100000,noExperience,0,0,Unknown,0,Другие
-121316143,Business Development Manager,2000,,2000,between1And3,18,0,Unknown,2,Менеджер
-121441375,Инженер ПТО,500000,,500000,moreThan6,7,0,Unknown,8,Инженер
-122005076,Программист-разработчик,400000,,400000,between3And6,0,0,Unknown,4.5,Разработчик
-122061969,CDA Senior Program Assistant,995770,995770,995770,between3And6,0,0,Senior,4.5,Другие
-121604200,Оператор 1С/Аналитик,,290000,290000,between1And3,5,0,Unknown,2,Аналитик
-121775556,Менеджер по продажам в IT,300000,,300000,between1And3,7,0,Unknown,2,Менеджер
-121895891,Backend-разработчик ТМИС (middle),400000,600000,500000,between3And6,0,0,Middle,4.5,Разработчик
-121035953,Разработчик Java EE,1000000,2000000,1500000,between1And3,12,0,Unknown,2,Разработчик
-121982873,E-commerce sales specialist,,500000,500000,between1And3,2,0,Unknown,2,Другие
-122087600,Backend-разработчик,500,700,600,between3And6,9,0,Unknown,4.5,Разработчик
-121556832,Специалист по обработке бонусных данных,,280000,280000,between1And3,8,0,Unknown,2,Другие
-120948255,Слесарь КИПиА,300000,360000,330000,between1And3,0,0,Unknown,2,Другие
-121866570,Loss Prevention Coordinator,250000,261000,255500,between1And3,10,0,Unknown,2,Другие
-121413541,Sales специалист,320000,600000,460000,noExperience,0,0,Unknown,0,Другие
-121441527,Менеджер по закупкам и снабжению,400000,,400000,moreThan6,10,0,Unknown,8,Менеджер
-121211970,Специалист технической поддержки it-продукта (HR-tech),300000,600000,450000,between1And3,1,0,Unknown,2,Другие
-121569464,Менеджер по закупкам и снабжению,200000,,200000,between1And3,6,0,Unknown,2,Менеджер
-121307268,Junior PHP-разработчик (Laravel),150000,,150000,between1And3,16,0,Junior,2,Разработчик
-121558424,Аналитик по закупкам и управлению запасами,400000,,400000,between1And3,18,0,Unknown,2,Аналитик
-121767607,Менеджер по работе с базой и клиентами,400000,500000,450000,moreThan6,2,0,Unknown,8,Менеджер
-122002940,Финансовый аналитик,500000,700000,600000,between1And3,0,0,Unknown,2,Аналитик
-121754200,Менеджер по продажам,150000,350000,250000,noExperience,0,0,Unknown,0,Менеджер
-121707798,Супервайзер ВС,500000,750000,625000,between3And6,11,0,Unknown,4.5,Другие
-122008835,PHP Fullstack-разработчик (middle),600000,1000000,800000,between1And3,3,0,Middle,2,Разработчик
-121282524,Technical support engineer,1000,,1000,between1And3,10,0,Unknown,2,Инженер
-121258190,Менеджер по продажам / Sales менеджер,250000,700000,475000,between1And3,22,0,Unknown,2,Менеджер
-121360444,Менеджер отдела продаж / Специалист отдела продаж,400000,,400000,between1And3,26,0,Unknown,2,Менеджер
-122086469,Эксперт-оценщик,250000,375000,312500,between1And3,9,0,Unknown,2,Другие
-121651642,Javascript-разработчик (интегратор),500000,,500000,between3And6,3,0,Unknown,4.5,Разработчик
-121460795,Финансовый аналитик,250000,400000,325000,between1And3,0,0,Unknown,2,Аналитик
-121958646,Бухгалтер,250000,300000,275000,between1And3,9,0,Unknown,2,Другие
-121322399,Менеджер по запуску и сопровождению клиентов (Onboarding / Customer Success),,300000,300000,between1And3,9,0,Unknown,2,Менеджер
-121454244,Бухгалтер,420000,420000,420000,between1And3,0,0,Unknown,2,Другие
-120861190,Ассистент руководителя отдела Аналитики информационных систем,240000,280000,260000,between1And3,4,0,Unknown,2,Аналитик